<?xml version="1.0" encoding="UTF-8"?>
<Paquet xmlns:xsi="http://www.w3.org/2001/XMLSchema-instance"
         				xsi:schemaLocation="http://www.poker.fr/SchemaCartes cartesPoker.xsd"
        				xmlns:plateau="http://www.poker.fr/SchemaCartes">      
        				  				        				
    <Carte nom="AsPique" couleur="Pique" valeur="14" image="../ressources/carte/pique_1.fxml"/>
    <Carte nom="DeuxPique" couleur="Pique" valeur="2" image="../ressources/carte/pique_2.fxml"/>
    <Carte nom="TroisPique" couleur="Pique" valeur="3" image="../ressources/carte/pique_3.fxml"/>
    <Carte nom="QuatrePique" couleur="Pique" valeur="4" image="../ressources/carte/pique_4.fxml"/>
    <Carte nom="CinqPique" couleur="Pique" valeur="5" image="../ressources/carte/pique_5.fxml"/>
    <Carte nom="SixPique" couleur="Pique" valeur="6" image="../ressources/carte/pique_6.fxml"/>
    <Carte nom="SeptPique" couleur="Pique" valeur="7" image="../ressources/carte/pique_7.fxml"/>
    <Carte nom="HuitPique" couleur="Pique" valeur="8" image="../ressources/carte/pique_8.fxml"/>
    <Carte nom="NeufPique" couleur="Pique" valeur="9" image="../ressources/carte/pique_9.fxml"/>
    <Carte nom="DixPique" couleur="Pique" valeur="10" image="../ressources/carte/pique_10.fxml"/>
    <Carte nom="ValetPique" couleur="Pique" valeur="11" image="../ressources/carte/pique_11.fxml"/>
    <Carte nom="DamePique" couleur="Pique" valeur="12" image="../ressources/carte/pique_12.fxml"/>
    <Carte nom="RoiPique" couleur="Pique" valeur="13" image="../ressources/carte/pique_13.fxml"/>
    
    <Carte nom="AsCoeur" couleur="Coeur" valeur="14" image="../ressources/carte/coeur_1.fxml"/>
    <Carte nom="DeuxCoeur" couleur="Coeur" valeur="2" image="../ressources/carte/coeur_2.fxml"/>
    <Carte nom="TroisCoeur" couleur="Coeur" valeur="3" image="../ressources/carte/coeur_3.fxml"/>
    <Carte nom="QuatreCoeur" couleur="Coeur" valeur="4" image="../ressources/carte/coeur_4.fxml"/>
    <Carte nom="CinqCoeur" couleur="Coeur" valeur="5" image="../ressources/carte/coeur_5.fxml"/>
    <Carte nom="SixCoeur" couleur="Coeur" valeur="6" image="../ressources/carte/coeur_6.fxml"/>
    <Carte nom="SeptCoeur" couleur="Coeur" valeur="7" image="../ressources/carte/coeur_7.fxml"/>
    <Carte nom="HuitCoeur" couleur="Coeur" valeur="8" image="../ressources/carte/coeur_8.fxml"/>
    <Carte nom="NeufCoeur" couleur="Coeur" valeur="9" image="../ressources/carte/coeur_9.fxml"/>
    <Carte nom="DixCoeur" couleur="Coeur" valeur="10" image="../ressources/carte/coeur_10.fxml"/>
    <Carte nom="ValetCoeur" couleur="Coeur" valeur="11" image="../ressources/carte/coeur_11.fxml"/>
    <Carte nom="DameCoeur" couleur="Coeur" valeur="12" image="../ressources/carte/coeur_12.fxml"/>
    <Carte nom="RoiCoeur" couleur="Coeur" valeur="13" image="../ressources/carte/coeur_13.fxml"/>
    
    <Carte nom="AsTrefle" couleur="Trefle" valeur="14" image="../ressources/carte/trefle_1.fxml"/>
    <Carte nom="DeuxTrefle" couleur="Trefle" valeur="2" image="../ressources/carte/trefle_2.fxml"/>
    <Carte nom="TroisTrefle" couleur="Trefle" valeur="3" image="../ressources/carte/trefle_3.fxml"/>
    <Carte nom="QuatreTrefle" couleur="Trefle" valeur="4" image="../ressources/carte/trefle_4.fxml"/>
    <Carte nom="CinqTrefle" couleur="Trefle" valeur="5" image="../ressources/carte/trefle_5.fxml"/>
    <Carte nom="SixTrefle" couleur="Trefle" valeur="6" image="../ressources/carte/trefle_6.fxml"/>
    <Carte nom="SeptTrefle" couleur="Trefle" valeur="7" image="../ressources/carte/trefle_7.fxml"/>
    <Carte nom="HuitTrefle" couleur="Trefle" valeur="8" image="../ressources/carte/trefle_8.fxml"/>
    <Carte nom="NeufTrefle" couleur="Trefle" valeur="9" image="../ressources/carte/trefle_9.fxml"/>
    <Carte nom="DixTrefle" couleur="Trefle" valeur="10" image="../ressources/carte/trefle_10.fxml"/>
    <Carte nom="ValetTrefle" couleur="Trefle" valeur="11" image="../ressources/carte/trefle_11.fxml"/>
    <Carte nom="DameTrefle" couleur="Trefle" valeur="12" image="../ressources/carte/trefle_12.fxml"/>
    <Carte nom="RoiTrefle" couleur="Trefle" valeur="13" image="../ressources/carte/trefle_13.fxml"/>
    
    <Carte nom="AsCarreau" couleur="Carreau" valeur="14" image="../ressources/carte/carreau_1.fxml"/>
    <Carte nom="DeuxCarreau" couleur="Carreau" valeur="2" image="../ressources/carte/carreau_2.fxml"/>
    <Carte nom="TroisCarreau" couleur="Carreau" valeur="3" image="../ressources/carte/carreau_3.fxml"/>
    <Carte nom="QuatreCarreau" couleur="Carreau" valeur="4" image="../ressources/carte/carreau_4.fxml"/>
    <Carte nom="CinqCarreau" couleur="Carreau" valeur="5" image="../ressources/carte/carreau_5.fxml"/>
    <Carte nom="SixCarreau" couleur="Carreau" valeur="6" image="../ressources/carte/carreau_6.fxml"/>
    <Carte nom="SeptCarreau" couleur="Carreau" valeur="7" image="../ressources/carte/carreau_7.fxml"/>
    <Carte nom="HuitCarreau" couleur="Carreau" valeur="8" image="../ressources/carte/carreau_8.fxml"/>
    <Carte nom="NeufCarreau" couleur="Carreau" valeur="9" image="../ressources/carte/carreau_9.fxml"/>
    <Carte nom="DixCarreau" couleur="Carreau" valeur="10" image="../ressources/carte/carreau_10.fxml"/>
    <Carte nom="ValetCarreau" couleur="Carreau" valeur="11" image="../ressources/carte/carreau_11.fxml"/>
    <Carte nom="DameCarreau" couleur="Carreau" valeur="12" image="../ressources/carte/carreau_12.fxml"/>
    <Carte nom="RoiCarreau" couleur="Carreau" valeur="13" image="../ressources/carte/carreau_13.fxml"/>    
    
</Paquet>     			